{
	"axis_max" : 1900.022921085357666,
	"axis_min" : -1900.76341366767883301,
	"bounding_polygon" :
	[[105.65166596967674, 0.0, 928.413119262879], [55.049977284200395, 0.0, 932.4451986714671], [-26.19467637134926, 0.0, 916.6043954808599], [-194.0018512423842, 0.0, 881.7712312769554], [-233.10475579901095, 0.0, 878.0846610041165], [-268.24728942877005, 0.0, 888.0394238478543], [-305.5739594776833, 0.0, 886.1151610371774], [-310.19713595939356, 0.0, 859.772503784535], [-237.62206991340804, 0.0, 423.6029527855811], [-213.033142895634, 0.0, 419.00922234849554], [-196.60768465970932, 0.0, 371.14114987476125], [-176.05827064518553, 0.0, 359.29965086909544], [132.38639101070794, 0.0, 408.9847459227732], [163.0084743329453, 0.0, 441.4301847238818], [149.05362833028835, 0.0, 477.9195024254442], [181.45218506907827, 0.0, 498.505839095664], [188.24514936174, 0.0, 516.7740108960115], [129.60189378189693, 0.0, 891.5133885513412], [120.03432699868677, 0.0, 922.8672599622978], [110.5703290171582, 0.0, 927.3389494824646]],
	"class_name" : "SelectionPolygonVolume",
	"orthogonal_axis" : "Y",
	"version_major" : 1,
	"version_minor" : 0
}
