{
	"class_name" : "ViewTrajectory",
	"interval" : 29,
	"is_loop" : false,
	"trajectory" :
	[
		{
			"boundingbox_max" : [ 246.83601379394531, 122.74967956542969, 1484.430419921875 ],
			"boundingbox_min" : [ -286.13156127929688, -321.105712890625, 415.40969848632812 ],
			"field_of_view" : 60.0,
			"front" : [ -0.3052377642417895, -0.19575816780265892, -0.93193811329895715 ],
			"lookat" : [ -19.647773742675781, -99.178016662597656, 949.92005920410156 ],
			"up" : [ 0.0010098640960028299, -0.97870868051846927, 0.20525179378583905 ],
			"zoom" : 0.69999999999999996
		}
	],
	"version_major" : 1,
	"version_minor" : 0
}
